{
  "split": "dev",
  "n": 500,
  "models": {
    "fused": {
      "auroc": {
        "mean": 0.710608,
        "lo": 0.6692321745147031,
        "hi": 0.7557934767440397
      },
      "auprc": {
        "mean": 0.6719421139796445,
        "lo": 0.6111744110358955,
        "hi": 0.7395806927715525
      },
      "acc": {
        "mean": 0.606,
        "lo": 0.56595,
        "hi": 0.65
      }
    },
    "image": {
      "auroc": {
        "mean": 0.691808,
        "lo": 0.6482166618663594,
        "hi": 0.7363608090251632
      },
      "auprc": {
        "mean": 0.6905248916734386,
        "lo": 0.6319259502258561,
        "hi": 0.751635036538827
      },
      "acc": {
        "mean": 0.622,
        "lo": 0.578,
        "hi": 0.662
      }
    },
    "text": {
      "auroc": {
        "mean": 0.5749600000000001,
        "lo": 0.5243196196667875,
        "hi": 0.6259590084735032
      },
      "auprc": {
        "mean": 0.565723080624642,
        "lo": 0.5073601341692767,
        "hi": 0.6316338922073883
      },
      "acc": {
        "mean": 0.548,
        "lo": 0.504,
        "hi": 0.594
      }
    }
  },
  "auroc_diffs": {
    "fused_vs_image": {
      "mean_diff": -0.03040810200649678,
      "ci_low": -0.04486211070367097,
      "ci_high": -0.015741547535559508,
      "p_value": 0.0
    },
    "fused_vs_text": {
      "mean_diff": 0.04111333327124596,
      "ci_low": 0.022534803124110592,
      "ci_high": 0.05862477012854774,
      "p_value": 0.0
    }
  },
  "attribution": {
    "mean_abs_phi": {
      "image": 0.8419460371862458,
      "text": 0.6750419704241264
    },
    "share_mean": -0.034063245777018566,
    "n": 500
  },
  "background": {
    "type": "empirical_train",
    "n": 200
  }
}