{
  "diagnostics": {
    "accuracy": 0.9246231155778895,
    "macro_f1": 0.9245926487305798,
    "ece": 0.06131872255004118,
    "class_balance": 0.49748743718592964,
    "n": 199
  },
  "metrics": {
    "random": {
      "comprehensiveness": {
        "ci_low": 0.030016644114930296,
        "mean": 0.05612572246516619,
        "ci_high": 0.08430942269866987
      },
      "sufficiency": {
        "ci_low": 0.28138927272450764,
        "mean": 0.32245656482678786,
        "ci_high": 0.36629254743591383
      },
      "aopc": {
        "ci_low": 0.03241003756894487,
        "mean": 0.046518660817175185,
        "ci_high": 0.06230256800695109
      },
      "token_f1": {
        "ci_low": 0.16867892822810365,
        "mean": 0.18120675506222028,
        "ci_high": 0.19324666792581777
      },
      "auprc": {
        "ci_low": 0.2786979795422942,
        "mean": 0.302248247944389,
        "ci_high": 0.32664469247823164
      }
    },
    "grad_x_input": {
      "comprehensiveness": {
        "ci_low": 0.0038074463126179414,
        "mean": 0.026674067683461773,
        "ci_high": 0.054665552024043926
      },
      "sufficiency": {
        "ci_low": 0.3071281185378929,
        "mean": 0.35423349551903316,
        "ci_high": 0.40136279870367525
      },
      "aopc": {
        "ci_low": 0.01822128027673246,
        "mean": 0.03310925400015623,
        "ci_high": 0.04941849487952043
      },
      "token_f1": {
        "ci_low": 0.2107875064490138,
        "mean": 0.22505718262901286,
        "ci_high": 0.2392995484840599
      },
      "auprc": {
        "ci_low": 0.3086143901016772,
        "mean": 0.3328492479733599,
        "ci_high": 0.35811190602078813
      }
    },
    "integrated_gradients": {
      "comprehensiveness": {
        "ci_low": 0.4555043045669764,
        "mean": 0.5201731120451498,
        "ci_high": 0.5831498006089348
      },
      "sufficiency": {
        "ci_low": -0.0003088872486622488,
        "mean": 0.01616724975519444,
        "ci_high": 0.03602949320970467
      },
      "aopc": {
        "ci_low": 0.3059530735140718,
        "mean": 0.339971090003948,
        "ci_high": 0.375862620315288
      },
      "token_f1": {
        "ci_low": 0.19645673348569545,
        "mean": 0.2107186887385585,
        "ci_high": 0.22581968463255497
      },
      "auprc": {
        "ci_low": 0.30269044348598523,
        "mean": 0.3269882928256733,
        "ci_high": 0.3519526048776505
      }
    },
    "lime": {
      "comprehensiveness": {
        "ci_low": 0.0004074599874678569,
        "mean": 0.01515854434718626,
        "ci_high": 0.03181527470105126
      },
      "sufficiency": {
        "ci_low": 0.30256700601830055,
        "mean": 0.3458538785104139,
        "ci_high": 0.39173372658414196
      },
      "aopc": {
        "ci_low": 0.025728010999714883,
        "mean": 0.03713109011183083,
        "ci_high": 0.049880581497919844
      },
      "token_f1": {
        "ci_low": 0.18700208504614357,
        "mean": 0.19728392208770104,
        "ci_high": 0.20718629700208102
      },
      "auprc": {
        "ci_low": 0.2975245533104144,
        "mean": 0.320531532406013,
        "ci_high": 0.34475031040015575
      }
    }
  },
  "pairwise_comprehensiveness": {
    "grad_x_input_vs_integrated_gradients": {
      "mean_diff": -0.49349904436168807,
      "ci_low": -0.5553609639772122,
      "ci_high": -0.43187203210460884,
      "p_value": 0.0,
      "significant": true
    },
    "grad_x_input_vs_lime": {
      "mean_diff": 0.011515523336275514,
      "ci_low": -0.014912734187211627,
      "ci_high": 0.04120083652105035,
      "p_value": 0.414,
      "significant": false
    },
    "integrated_gradients_vs_lime": {
      "mean_diff": 0.5050145676979636,
      "ci_low": 0.43876479448985783,
      "ci_high": 0.5683308704625452,
      "p_value": 0.0,
      "significant": true
    }
  },
  "bonferroni_alpha": 0.016666666666666666
}